1001;3840;830
1002;3841;1800
1003;3842;2500
1004;3843;3500
1005;3844;4050
1006;3845;3800
1007;3846;1800
1008;3847;900
1009;3848;2800
1010;3849;1450
1011;3850;3250
1012;7029;3750
1013;10034;765
1014;3851;2700
1015;7033;3900
1016;10035;535
1017;10036;405
1018;3562;3100
1020;3854;550
1021;3855;780
1030;3852;4200
1301;7026;2750
1302;7011;1500
1303;7030;1500
1304;7032;1350
2001;3856;3750
2002;3857;600
2003;3858;3400
2004;3859;350
2005;3860;4300
2006;3861;500
2007;3862;4750
2008;3863;620
2009;3864;1900
2010;3865;2050
2011;3866;820
2012;3867;3650
2013;4191;2650
2014;3868;750
2015;3869;3350
2016;4192;3000
2017;4193;2050
2018;3870;2650
2019;3871;1380
2020;3872;2750
2021;3873;1000
2022;3874;2350
2023;3875;1430
2024;3876;1070
2025;3877;250
2026;3563;350
2027;3724;580
2028;3725;300
2029;3564;1100
2030;3878;1500
2031;3726;1250
2032;3601;1150
2034;3880;3300
2035;3881;1370
2036;3602;1550
2037;3603;4120
2038;3882;5000
2039;3883;4100
2040;3884;4400
2041;3885;3120
2042;3886;3950
2043;3887;2100
2044;3891;1750
2045;3892;1480
2046;3893;1130
2047;3894;2080
2048;5072;2400
2049;5073;2050
2050;5074;1550
2051;3895;1550
2052;3896;400
2053;3897;1100
2054;3898;1530
2055;3899;3050
2056;3900;1100
2057;3901;1330
2058;5080;3360
2059;3902;2650
2060;3903;280
2061;3904;400
2062;3905;2480
2063;3906;1180
2064;3433;2750
2065;3907;420
2066;3908;800
2067;9981;3100
2068;9980;3200
2069;9979;1800
2300;3888;1000
2301;3889;750
2302;7035;1499
2303;3890;1300
2304;7034;1500
2305;10024;1000
2500;7036;700
3001;9841;3100
3002;9843;2000
3003;9842;700
3004;3949;4200
3005;3951;4450
3006;3721;4200
3007;3957;1100
3008;9895;5250
03FL08PM01;1047;0
03FL08PM02;1046;0
03FL20PM01;6836;0
03FL56PM01;1010;0
03FT08PM01;1044;0
03FT52PM01;1009;0
4001;3909;2150
4002;3910;2450
4003;3911;2450
4004;3460;1350
4005;3461;2165
4006;3912;3300
4007;3913;2000
4008;3914;2550
4009;3915;2400
4010;3916;2350
4011;3917;1900
4012;3918;1600
4013;3919;3020
4014;3920;895
4015;3921;3755
4016;3922;3085
4017;3923;2870
4018;3924;2300
4019;3925;1710
4020;3926;1950
4021;3927;1880
4022;3928;200
4023;3604;400
4024;3929;200
4025;3605;250
4026;10078;1800
4027;10076;3600
4028;10079;1800
04FL12PM01;3544;0
04FL92PM01;3545;0
04FT14PM01;3542;0
04FT74PM01;1006;0
04TL40PM01;6900;0
04TL40PM02;6899;0
04TL40PM03;6901;0
04TL40PM04;6903;0
5001;3606;1850
5002;3930;3600
5003;3931;2590
5004;3932;4380
5005;3933;900
5006;3934;2150
5007;3935;1750
5008;3936;3090
5009;3937;2400
5010;3938;3350
5011;3939;2880
5012;3940;3090
5013;3941;2930
5014;3942;1250
5015;3943;1450
5016;3944;3400
5017;3945;550
5018;3946;2250
5019;3798;2640
5020;3697;3350
5021;3947;3240
5022;3948;1780
5023;3578;2450
5024;4223;2220
5025;10048;2800
5026;10050;2850
5026;10049;2850
5708;10018;3370
05FT10PM01;1001;0
05FT37PM01;1002;0
05FT66PM01;1003;0
05TL00PM01;6904;0
05TL00PM02;6905;0
05TL00PM03;6906;0
6002;3950;1500
6003;9894;1850
6004;3952;2380
6005;3953;1200
6006;3954;2130
6008;4224;1970
6009;4225;950
6010;3956;2450
6011;9893;6000
6012;3958;1680
6013;3757;4000
6014;3959;4175
6015;3960;3250
6016;3720;5480
6017;9890;5200
6018;3961;750
6019;3497;1150
6020;3434;2970
6021;3435;2420
6022;3962;1300
6023;3963;2050
6024;3964;3650
6025;3965;3750
6026;3966;850
6027;3967;2520
6028;3968;2850
6029;3969;2100
6030;3970;2530
6031;3971;870
6032;3972;650
6033;3973;1850
6034;3974;1500
6035;3975;2300
6036;3976;700
6037;3977;1250
6038;3978;1730
6039;3979;700
6040;3980;620
6041;3981;375
6042;3982;1500
6043;4014;510
6044;9892;6050
6300;3983;1250
6301;3984;1500
6302;3985;1050
6303;3986;750
6304;3987;930
6306;3989;1200
6308;3991;1500
6716;7132;5480
7001;3992;3250
7002;3993;3800
7003;3994;1370
7004;3995;4520
7005;3607;3150
7006;3608;1750
7007;3996;800
7008;3579;1300
7009;3997;1500
7010;3612;780
7011;3613;1500
7012;3998;620
7013;3999;900
7014;4000;750
7015;4001;730
7016;10013;3600
7017;10192;650
7018;10193;625
8001;4002;1650
8002;4003;1700
8003;4004;630
8004;4005;1630
8005;4006;750
8006;5081;2030
8007;4007;400
8008;4008;1908
8009;4009;1760
8010;4010;1750
8011;4011;1900
8012;4012;970
8013;4013;1220
8014;7037;2460
8015;4015;750
8016;5082;2100
8017;4016;700
8018;4017;950
8019;10098;3600
8020;10099;1800
8021;10100;1800
8022;10101;1800
8023;10102;1800
8024;10170;700
08RE14PM01;1048;0
08RE66PM01;6907;0
08RL21PM01;6897;0
08RR02PM01;1050;0
08RR18PM01;6896;0
9001;4018;1800
9002;4019;2210
9003;7109;3200
9004;3753;3650
9005;4021;1950
9006;4022;950
9007;4023;1030
9008;4024;780
9009;4025;3700
9010;4026;2100
9011;4027;1320
9012;4028;1900
9013;4029;1900
9014;4030;280
9015;4031;2500
9016;4032;2150
9017;4033;1200
9018;4034;1500
9019;4035;2100
9020;4020;900
9021;3616;2000
9022;4036;1900
9023;4037;2630
9024;7038;2780
9025;4039;1570
9026;4040;1000
9027;4041;870
9028;4042;1310
9029;4043;1980
9030;4044;1270
9031;4045;1720
9032;4046;420
9033;4047;550
9034;4048;3600
9035;7040;1200
9036;4038;700
9037;9888;1370
9038;10103;1800
09NC51PM01;1052;0
09XC09PM01;6898;0
09XC37PM01;1049;0
10004;4052;1950
10005;4053;1930
10006;4054;2890
10007;4055;1380
10009;4057;450
10010;4058;280
10011;10093;550
10012;4060;1600
10013;4061;2130
10014;4062;2100
10015;3462;2000
10017;4063;1550
10018;4064;550
10019;3609;1820
10020;3610;550
10022;4066;2600
10023;4067;800
10024;4068;2560
10025;4069;450
10026;4070;600
10027;4071;1775
10028;4072;1215
10029;4073;375
10030;4074;375
10031;4075;2030
10032;4076;2400
10033;4077;460
10034;3764;720
10035;7054;3300
10036;7055;1200
10037;7053;1200
10038;10080;3550
10039;10081;700
10040;10082;3050
10041;10083;500
10042;10085;750
10043;10084;600
10NC18PM01;6893;0
10NC76PM01;6891;0
10XC18PM01;6894;0
10XC82PM01;6892;0
11001;4078;450
11002;4079;950
11003;4080;1350
11004;4081;1900
11005;4082;1430
11006;3727;2200
11007;4083;2900
11008;3728;3300
11009;3614;3000
11010;3615;2900
11011;4084;550
11012;4085;1200
11013;5095;250
11014;5096;450
11015;4086;1050
11016;4087;1750
11017;4088;350
11018;4089;200
11019;4090;1330
11020;4091;800
11021;4092;550
11022;4093;2800
11023;4094;2500
11024;4095;1800
11025;4096;1800
11026;4097;3300
11027;4098;1200
11028;4099;1200
11029;4100;3800
11030;4101;2800
11031;4102;3000
11032;4103;1800
11033;4104;5400
11034;5097;2400
11035;4105;3000
11036;3582;1200
11037;4106;3000
11038;4107;2000
11039;4108;2400
11040;4109;1200
11041;4232;2400
11NC43PM01;6878;0
11RE20PM01;6895;0
11RE59PM01;6887;0
11RE59PM02;6886;0
11XC46PM01;6879;0
12001;4110;4250
12003;4111;600
12004;4112;3850
12005;3729;1510
12006;4113;6400
12007;4114;3300
12008;4115;3100
12009;4116;2930
12010;4117;350
12011;4118;350
12012;4119;3250
12013;4120;380
12014;4121;1500
12015;4122;2620
12016;4123;660
12017;4124;1640
12018;4125;1030
12036;4142;800
12037;4143;800
12038;4144;380
12039;4145;1250
12040;4146;650
12041;4147;1500
12042;4148;1300
12043;4149;1450
12044;4150;300
12045;4151;1440
12NC07PM01;6877;0
12NC63PM01;6875;0
12XC06PM01;6876;0
12XC63PM01;6874;0
13001;4155;2450
13002;3758;600
13003;3759;620
13004;3523;3300
13005;4156;1840
13006;4157;600
13007;4158;3000
13008;4159;2750
13009;3653;2450
13010;3683;350
13011;3654;3750
13012;4160;300
13013;4161;1950
13014;4162;1200
13015;4163;2230
13016;4164;5520
13017;4165;2050
13018;4166;2050
13019;3463;2550
13020;3464;1950
13021;4167;1750
13022;4168;880
13023;4169;1400
13024;4170;1350
13025;7041;3700
13026;4172;550
13027;4173;4950
13028;3691;4970
13029;3718;6330
13030;3719;1000
13031;4174;3150
13032;4175;1670
13033;4176;300
13034;4177;300
13035;4178;550
13036;4179;1950
13037;3692;720
13038;4180;3880
13039;4181;1000
13040;4182;2300
13041;4183;1800
13042;4184;5400
13043;4185;1000
13044;4186;680
13045;4187;1450
13046;3585;300
13047;3586;500
13048;4188;300
13049;4189;620
13050;4190;1350
13051;3465;2690
13052;3466;2170
13053;3467;300
13054;4194;4500
13055;4195;1300
13056;4196;300
13057;4197;3880
13058;4198;1200
13059;5103;1800
13301;4171;4460
13700;7136;5820
13719;7137;5350
13727;7138;5770
13728;7139;5810
13NC25PM01;6872;0
13NC95PM01;6871;0
13NL60PM01;1020;0
13XC26PM01;6873;0
13XC97PM01;6870;0
13XL49PM01;1019;0
14001;4199;800
14002;4200;1100
14003;4201;3600
14004;4202;1500
14005;4203;3300
14006;4204;900
14007;4205;3300
14008;4206;3600
14009;4207;900
14010;4208;1200
14011;4209;4200
14012;3722;1500
14013;5104;6500
14014;4210;1100
14015;4211;5300
14016;4212;5800
14017;4213;3600
14018;4214;3600
14019;4215;3600
14020;4216;3900
14021;4217;1100
14022;4218;3300
14023;4219;1200
14024;4220;3000
14025;4221;1500
14026;4222;3000
14027;4226;3300
14028;4227;3300
14029;4228;1500
14030;4229;3600
14031;4230;3700
14032;4231;2800
14033;4233;1000
14034;4234;3900
14035;4235;1500
14036;4236;2700
14037;4237;1100
14038;4238;3700
14039;3669;2400
14040;3670;1200
14041;4239;3900
14042;4240;650
14043;10037;3000
14500;7133;1500
14734;7134;5400
14736;7135;3700
14NC58PM01;7117;0
14NC71PM01;7118;0
14NC96PM01;7145;0
14NL24PM01;6868;0
14NL78PM01;6866;0
14RA02PM01;6869;0
14RA15PM01;1025;0
14RC10PM01;1028;0
14RE35PM01;1030;0
14RH25PM01;1029;0
14RL11PM01;6867;0
14RL30PM01;1024;0
14RM32PM01;1026;0
14RN01PM01;1023;0
14RN27PM01;7120;0
14RR28PM01;1022;0
14VE04PM01;1027;0
14XC71PM01;7119;0
14XL36PM01;1021;0
14XL89PM01;7121;0
15001;7113;2050
15002;4243;3650
15003;3671;2900
15004;4244;3600
15005;4245;500
15006;4246;3100
15007;4247;3950
15008;4248;1800
15009;4249;3970
15010;4250;1130
15011;4251;1800
15012;4252;1700
15013;4253;1000
15014;4254;1200
15015;4255;1000
15016;4256;750
15019;4257;700
15021;4258;650
15300;4271;1800
15301;4272;1500
15302;4273;1350
15303;3765;1500
15304;4274;1100
15305;4276;2000
15306;4275;600
15307;7090;5400
15308;7091;1800
15309;9938;1800
15NC71PM01;6849;0
15NL09PM01;6858;0
15NL71PM01;6850;0
15RA15PM01;6856;0
15RC05PM01;1032;0
15RE04PM01;6857;0
15RH53PM01;1033;0
15RM08PM01;6848;0
15RM58PM01;6855;0
15RN03PM01;1034;0
15RR22PM01;1037;0
15RR41PM01;6864;0
15RR60PM01;1031;0
15RR60PM02;6861;0
15RR60PM03;6860;
15RT07PM01;1036;0
15RU11PM01;1035;0
15RV01PM01;6862;0
15RV50PM01;6851;0
15XC54PM01;6853;0
15XL49PM01;6854;0
16002;4281;1100
16003;4282;1100
16004;7101;2150
16005;4283;2400
16006;4284;3000
16007;4285;2250
16008;4286;3600
16009;4287;400
16010;4288;2050
16011;4289;2000
16012;4290;400
16013;4291;350
16014;4292;2180
16015;4293;2000
16016;4294;2080
16017;4295;580
16018;4296;620
16019;4297;2300
16021;4298;420
16022;3672;2460
16023;4299;2160
16025;4300;420
16026;4301;2200
16028;3730;2450
16029;4303;480
16030;3731;950
16033;4305;600
16034;4306;1130
16035;4307;2650
16036;4308;2600
16037;4309;2350
16038;4310;1500
16039;4311;1000
16040;4312;1000
16041;3732;280
16042;4313;3580
16043;4314;900
16044;4315;3630
16045;4316;800
16046;4317;3500
16047;4318;250
16048;4319;1540
16049;4320;2810
16065;4332;250
16300;3652;1750
16301;4333;1800
16302;4334;430
16303;4335;1620
16304;4336;1800
16NC07PM01;6847;0
16NC75PM01;6845;0
16RC01PM01;1040;0
16RE18PM01;1039;0
16XC14PM01;6846;0
16XC70PM01;6844;0
17001;4337;1680
17002;4338;2300
17003;4339;400
17004;4340;1820
17005;4341;3450
17006;4342;2880
17007;3745;2210
17008;3746;520
17009;3747;500
17010;4343;2400
17012;4345;2350
17013;4346;2350
17014;4347;1730
17015;4348;2350
17016;3621;2330
17017;4349;1480
17018;4350;1310
17019;4351;2250
17020;4352;800
17021;4353;2350
17022;4354;2850
17023;4355;900
17024;4356;1030
17025;4357;1180
17026;4358;650
17027;4359;2600
17028;4360;1360
17029;4361;2230
17030;4362;2650
17031;3565;1830
17032;4363;1750
17033;4364;3000
17034;4365;1100
17035;4366;800
17036;4367;1000
17037;4368;2400
17038;4369;700
17039;4370;1200
17040;4371;1200
17041;4372;300
17042;4373;3950
17043;7066;1500
17044;4375;350
17045;4376;2550
17046;4377;1900
17047;10271;1800
17307;7063;1300
17308;7065;1550
17NC04PM01;6842;0
17NC65PM01;6840;0
17NC80PM01;6839;0
17RA10PM01;1038;0
17RC01PM01;1041;0
17XC08PM01;6843;0
17XC49PM01;6841;0
18001;4379;1460
18002;4380;1240
18003;4381;800
18004;4382;2000
18005;4383;3000
18006;4384;900
18007;4385;1950
18008;4386;3110
18009;4400;2320
18010;4387;980
18011;4388;1570
18012;4389;2870
18013;3807;2160
18014;7067;2200
18015;4390;1700
18016;4391;2140
18017;3619;750
18018;4392;1190
18019;3620;830
18020;4393;900
18021;4394;250
18022;4395;600
18023;5130;2330
18024;4402;630
18025;10217;920
18026;10258;1800
18027;10259;1800
18301;4397;1800
18302;4398;2000
18NC20PM01;6827;0
18NC52PM01;1016;0
18NC52PM02;1015;0
18NC80PM01;1017;0
18RA28PM01;6835;0
18RA66PM01;1012;0
18RC06PM01;6833;0
18RL09PM01;1014;0
18RL29PM01;1042;0
18RM17PM01;1011;0
18RN69PM01;6837;0
18RT11PM01;1043;0
18RU04PM01;1045;0
18RV21PM01;3546;0
18XC11PM01;6838;0
18XC46PM01;1013;0
18XC82PM01;1018;0
19001;4403;970
19002;4404;2980
19003;4405;1320
19004;4406;570
19005;4407;350
19006;4408;1550
19007;4409;2950
19008;4410;730
19009;4411;1600
19010;4412;450
19011;4413;2250
19013;4414;1170
19014;4415;2010
19015;4416;280
19016;4417;2500
19018;4418;1550
19XC40PM01;7123;0
19XC80PM01;7122;0
20001;4419;5910
20002;4420;1550
20003;4421;3920
20004;3693;2320
20005;3694;600
20006;4422;1000
20007;10023;380
20008;4424;1100
20009;4425;700
20010;9977;9000
20011;4423;650
20012;10022;1100
20013;10057;1000
20014;10066;1000
21001;4426;1560
21002;4427;1810
21003;4428;2050
21004;4429;1580
21005;4430;2310
21006;4431;1920
21007;4432;880
21008;3748;1880
21009;3407;1630
21010;4433;3920
21011;4434;2000
21013;3622;4050
21014;4436;2480
21015;4437;4060
21016;4438;1780
21017;4439;3170
21018;4440;2220
21019;4441;3750
21020;4442;4650
21021;4443;2750
21022;4444;4900
21023;4445;360
21024;4446;1600
21025;4447;1900
21026;4448;1170
21027;4449;1810
21028;4450;1800
21029;3673;450
21030;3674;1900
21031;4451;400
21032;4452;1460
21033;4453;1700
21034;7071;2500
21035;4464;2580
22001;4454;2610
22002;4455;1350
22003;4456;2100
22004;4457;480
22005;4458;2810
22006;4459;2430
22007;4460;3290
22008;4461;3120
22009;4462;4840
22010;4463;550
22011;9965;3600
22012;9963;3600
22013;9964;1800
22014;9967;1800
22300;4465;1700
22301;4466;1350
22302;4467;1450
22303;4468;1200
22304;4469;3130
23001;3715;2200
23002;3716;5800
23003;3717;1800
23004;4470;720
23005;4471;2180
23006;3468;2500
23007;3469;2400
23008;6979;2350
23009;4473;1890
23011;3395;1610
23012;3396;1090
23013;3397;1360
23014;4475;1200
23015;7019;920
23016;9961;3600
23017;9962;900
23018;10216;600
23032;4476;2400
23033;4477;1500
24001;3409;1800
24002;4739;1500
24003;4740;3300
24004;4741;1500
24005;4742;1800
24006;4743;1800
24007;4744;1600
24008;4745;800
24009;4746;1700
24010;4747;1200
24011;4748;3300
24012;4749;2000
24013;4750;3400
24014;4751;1500
24015;3566;1500
24016;3567;4500
24017;3568;1100
24018;4752;1200
24019;4753;600
24020;4754;1200
24021;4755;1200
24022;4756;1300
24024;4757;800
24025;4758;1500
24026;4759;900
24027;4760;1800
24028;4761;1800
24029;4762;1300
24030;4763;3300
24031;4764;1000
24032;4765;1800
24036;4766;1500
24037;4767;1800
24038;4768;1500
24039;4769;1500
24040;4770;1400
24041;4771;1500
24042;4772;1400
24043;10226;1500
24044;10225;1400
24045;10228;1400
24046;10227;1400
24048;10237;1500
25008;4778;3600
25028;4794;2000
25037;4802;3600
25038;4803;3600
26001;4808;7200
26002;4809;5400
26003;4810;5400
26004;4811;1500
26005;4812;1500
26006;4813;3000
26007;4817;1300
26008;4818;1500
26009;4819;1500
26010;4820;1500
26011;4821;1500
26012;4822;5400
26013;4823;7200
26014;3569;3000
26015;4824;3000
26016;4825;7200
26017;4826;5400
26018;4827;3000
26019;4828;3000
26020;4829;7200
26021;3802;5400
26022;3803;5400
26023;4830;3000
26024;4831;4500
26025;4832;1500
26026;4833;3000
26027;4834;1800
26028;4835;1800
26029;4836;3000
26030;4837;3000
26031;4838;1500
26032;10286;1500
26033;10288;1500
26034;10287;1500
26035;10289;1500
26300;10284;1500
26301;10285;1500
27001;4839;1500
27002;4840;1500
27003;4841;3000
27004;3623;1500
27005;3624;1500
27006;4842;1500
27007;6825;1500
27020;4843;1500
27027;7001;3000
27028;4845;1500
27029;4846;1500
27030;4847;3000
27031;4848;3000
27032;4849;3000
27033;4850;3000
27034;4851;3000
27035;4852;3300
27036;4853;1500
27037;4854;1500
27038;4855;3000
27039;4856;3000
27300;7000;1500
28003;4858;1500
28004;5203;1500
28005;4859;1500
28006;4860;1500
28007;4861;1500
28013;4867;1500
28014;4868;1500
28015;4869;1500
28016;4870;1500
28017;4871;1500
28032;5220;3300
28033;4882;1500
28034;4883;3000
28036;4885;1500
28037;4886;1500
28038;4887;1500
28039;4888;1500
28040;4889;1500
28041;3625;1500
28042;3626;1500
28043;3627;1500
28044;4890;1500
28045;3419;1500
28046;4891;1500
28047;10236;1800
29001;5404;1800
29002;5405;2000
29003;5406;1500
29004;5407;3000
29005;5408;4500
29006;5409;1500
29007;9930;5400
29008;9932;5400
29009;9931;3600
29010;9929;3600
29011;9907;4000
29012;5410;2000
29013;9909;4000
29014;9908;1500
29015;9926;3600
29016;9928;3000
29017;10011;1500
29019;9933;1500
29020;9934;1500
29021;9917;1800
29022;9920;1500
29301;5412;1200
30001;4478;3200
30002;4479;3200
30003;3437;3200
30005;3438;3000
30006;4480;3000
30007;4481;3000
30008;4482;1200
30009;3675;3000
30010;3676;3000
30011;4304;3000
30012;4484;3000
30013;3470;1500
30014;4321;3000
30015;4322;1500
30016;4323;4500
30017;4324;4500
30018;3651;4500
30019;4489;3550
30020;4490;1450
30021;3512;2300
30022;4491;1200
30023;4492;2900
30024;4493;1200
30025;7058;1200
30026;7059;1200
30027;7073;1800
30028;7075;1100
30029;3650;3600
30030;4325;3000
30032;4326;6000
30033;4327;6000
30034;5116;1500
30035;5117;1500
30036;4328;3000
30037;4329;4500
30038;4330;3000
30401;4331;1200
30402;7102;1200
30403;10000;1200
31001;4495;1200
31002;4496;1200
31003;4497;1200
31004;3524;1200
31005;4498;1900
31006;4499;2400
31007;4500;2400
31008;4501;2400
31009;4502;2200
31010;4503;1200
31011;4504;2200
31012;4505;2400
31013;4506;2200
31014;4507;2400
31015;4508;2400
31016;4509;2400
31017;4510;2400
31018;7114;1000
31019;10097;3000
31020;4511;2400
31021;3472;2400
31022;3473;1200
31023;4512;2200
31024;4513;2400
31025;4514;2400
31026;4515;2400
31027;4516;1400
31028;5142;2400
31029;3440;1200
31030;3514;1200
3103001;10012;700
31031;5143;2200
31032;4517;700
31033;4518;2400
31034;4519;2400
31035;4520;1900
31036;4521;2400
31037;4522;1200
31038;4523;1200
31039;3638;700
31040;4524;1200
31041;4525;1200
31042;4526;800
31043;4527;1900
31044;4528;1200
31045;3733;1200
31046;9960;700
31048;3639;1200
31049;3734;1200
31050;4529;2400
31051;3735;2400
31052;4530;2400
31053;4531;2200
31054;4532;2400
31055;4533;1100
31056;4534;2200
31057;4535;2400
31058;4536;1200
31059;4537;1200
31060;3595;1200
31061;3766;1200
31062;4538;700
31063;4539;800
31064;3767;3400
31065;4540;2400
31066;3708;1200
31070;10218;1500
31071;10219;1500
31072;10220;1500
31073;10221;1500
32001;10153;3000
32002;4543;3000
32003;10154;1500
32004;4545;1500
32005;4546;3000
32006;4548;4500
32007;4549;1500
32008;4550;1800
32009;4551;1500
32010;4552;1500
32011;4553;1500
32012;4554;1500
32014;9882;1500
32015;4556;1500
32016;3408;1500
32017;4557;1500
32018;4558;3000
32019;4559;1500
32020;3829;3000
32021;4560;1500
32022;4561;1500
32023;4562;1500
32024;3824;1500
32025;3825;1500
32026;4563;3600
32027;4564;1500
32028;3596;1500
32029;4565;1500
32030;4566;1500
32031;4567;1500
32032;4568;1500
32033;4569;1500
32034;3588;1500
32035;3589;3600
32036;4570;3000
32037;10165;3000
32038;10166;3000
32039;3737;1200
32040;4572;1200
32041;4573;1200
32042;4574;4500
32043;4575;4500
32044;4576;4500
32046;3738;4500
32047;4577;4500
32048;4578;4500
32049;4579;5400
32050;4580;1200
32051;4581;4500
32052;4582;4500
32054;7024;1200
32055;9915;3600
32056;9916;3600
32057;9919;3600
32058;9918;3600
32300;4584;1200
32301;3555;1200
32302;3554;1500
33001;4585;4500
33002;4586;2400
33003;4587;1200
33004;4588;2400
33005;4589;6000
33006;4590;1000
33007;4591;1000
33008;4592;4500
33009;4593;4500
33010;4594;6000
33011;4595;1500
33012;4596;1500
33013;4597;1200
33014;10032;4500
33015;4598;2400
33016;4599;2400
33017;4600;2400
33018;4601;2400
33019;4602;2400
33020;4603;3000
33021;4604;3000
33022;4605;3000
33023;4606;3000
33024;4607;3000
33025;4608;3000
33026;4609;1200
33027;4610;2400
33028;4611;3000
33029;4612;1200
33030;4613;1200
33031;4614;3000
33032;4615;3900
33033;4616;3000
33034;4617;2400
33035;4618;1500
33036;4619;3000
33037;4620;3000
33038;4621;1500
33039;4622;1200
33040;3591;1500
33041;3592;3000
33042;10033;1200
33401;7142;1200
33402;7141;1200
34001;4623;2600
34002;3739;2000
34003;3740;2200
34004;4624;1400
34005;3741;1100
34006;4625;1100
34007;4626;900
34008;3474;1200
34009;4627;1200
34010;4628;1200
34011;4629;1200
34012;4630;1200
34013;4631;1300
34014;4632;1000
34015;4633;2400
34016;4634;2000
34017;4635;3300
34018;4636;1800
34019;4637;2700
34020;3398;2900
34021;3399;1500
34022;3400;1200
34023;4638;3200
34024;9968;1200
34025;4639;2800
34026;10040;2200
34027;10039;1800
34028;4640;900
34029;4641;1000
34030;4642;3000
34031;4643;2500
34032;3689;1000
34033;3690;1000
34034;4644;1200
34035;4645;1000
34036;10041;1300
34037;4647;1100
34038;10042;2200
34039;10045;2200
34040;10047;800
35001;4648;1500
35002;4649;1000
35003;4650;1200
35008;3525;1100
35009;3526;1300
35010;4651;800
35011;4652;1100
35012;4653;1000
35013;4654;2000
35014;3501;1000
35015;3502;1000
35016;3503;1100
35017;3504;3000
35018;4655;1200
35019;4656;3200
35020;4657;1200
35021;4658;1500
35022;4659;2000
35024;4661;1500
35025;4662;1500
35026;4663;1000
35027;4664;3400
35028;4665;1500
35029;4666;1500
35030;4667;1500
35031;4668;1500
35032;4669;3000
35033;4670;3300
35034;4671;1200
35035;3414;2800
35036;3415;5000
35037;3416;3700
35038;4672;3000
35039;4673;3300
35040;4674;2800
35041;4675;4300
35042;4676;2300
35043;4677;3800
35044;4678;4300
35045;3442;1500
35046;4679;3300
35047;4680;1400
35048;3443;3200
35049;4681;3200
35051;4682;3900
35052;4683;800
35053;4684;1100
35054;4685;900
35056;4686;800
35057;4687;1000
35058;7077;3000
35059;7060;1000
35060;7061;2400
35061;7078;1800
36001;3835;1200
36002;6631;1200
36003;6632;1200
36004;6633;1100
36005;6634;1500
36006;6635;1800
36007;6636;1500
36008;6637;1500
36009;6638;1500
36010;4878;3000
36011;4879;1500
36012;4880;3000
36013;5204;1500
36014;4881;3000
36015;5219;1500
36016;5217;1500
36017;5218;3000
36018;10108;1500
36019;10106;1500
36020;10104;1500
36021;10107;1500
36022;4866;1500
36023;4857;1500
36024;3570;1500
36025;4872;1500
36026;4873;3000
36027;4877;1500
36028;4874;3000
36029;4875;3000
36030;4876;1500
36031;4884;3000
36300;4862;1500
36301;4863;1500
36302;10105;1500
36303;4865;1500
37001;4892;1500
37002;4893;1800
37008;4895;4500
37009;4896;1800
37010;4897;3000
37011;4898;1500
37012;4899;1800
37013;4900;3000
37014;4901;1500
37015;4902;1500
37024;4912;1500
37030;4909;1500
37031;4910;1500
37032;4911;1500
37033;6831;1500
37036;4914;1800
37037;4915;1800
37038;4916;1500
37039;4917;1500
37300;4913;1500
38001;4922;3000
38002;4923;3000
38003;4924;1500
38004;4925;1500
38005;4926;3000
38006;4927;3000
38007;4928;1400
38008;4929;1500
38009;4930;4500
38010;4931;4500
38011;4932;3000
38012;4933;4500
38013;4934;3000
38014;3404;1500
38015;3768;1500
38016;4935;3000
38017;4936;1500
38018;4937;1200
38019;4938;3000
38020;4939;3000
38021;4940;1500
38022;4941;4500
38023;4942;4500
38024;4943;3000
38025;4944;3000
38026;4945;3000
38027;4946;3000
38028;4947;3000
38029;3571;1500
38030;4948;1600
38031;4949;1500
38032;4950;3000
38033;4951;1500
38034;4952;3300
38035;4953;1500
38036;4954;1400
38037;4955;1500
38038;3405;3300
38039;4956;1500
38040;4957;1400
38041;7006;1500
38042;7005;1500
38043;4958;1500
38044;4959;1400
38045;4960;1500
38047;6828;1500
38048;6824;1500
38049;9879;1500
38050;9878;1500
38051;9985;1500
38300;6829;1500
39006;3480;3600
39007;4961;3000
39008;4962;1500
39009;4963;3000
39010;4964;1500
39011;4965;3000
39012;4966;1500
39013;4967;3000
39014;4968;3000
39015;4969;1500
39016;4970;1500
39017;4971;3000
39018;3420;3000
39019;4972;4500
39020;4973;4500
39021;4974;1500
39022;4975;4500
39023;4976;1500
39024;4977;3000
39025;4978;1500
39031;4979;4500
39032;4980;3000
39033;4981;3000
39034;4982;3000
39035;4983;3000
39036;4984;3000
39037;3527;1500
39038;4985;3000
39039;4986;3000
39040;4987;3000
39041;4988;1500
39042;4989;1500
39043;3406;1500
39044;4990;1500
39046;4992;1500
39047;4993;1500
39048;4994;1500
39049;4995;1500
39050;4996;1500
39051;4997;1500
39052;3630;1500
39053;3631;1500
39054;3632;1500
39055;3682;1500
39056;4998;3000
39057;4999;1500
39058;3445;1600
39059;3446;1500
39060;5000;1500
39061;10092;1800
40001;5783;993
40002;5784;442
40003;5785;1162
40004;5786;1042
40005;5787;1128
40006;5788;1493
40007;5789;1267
40008;5790;1133
40009;5791;1435
40010;5792;1320
40011;3754;413
40012;5793;960
40013;5794;1167
40014;5795;509
40015;3755;686
40016;5796;586
40017;5797;970
40018;5798;605
40019;5799;518
40020;5800;598
40021;5801;1022
40022;5802;571
40023;5803;677
40024;5804;1641
40025;5805;1747
40026;5806;331
40027;3774;302
40028;5807;302
40029;5808;571
40030;5809;125
40031;5810;413
40032;7027;1164
40402;7116;543
41001;5812;1195
41002;5813;1459
41003;3587;1474
41004;5814;1378
41005;5815;1109
41006;5816;1532
41007;5817;1594
41008;5818;1137
41009;5819;979
41010;5820;989
41011;5821;1090
41012;5822;1291
41013;5823;1238
41014;5824;3015
41015;5825;2731
41016;5826;226
41017;5827;1570
41018;5828;221
41019;5829;1645
41020;5830;514
41021;5831;461
41022;5832;216
41023;5833;542
41024;5834;494
41025;5835;432
41026;5836;1310
41027;5837;1263
41029;5838;1843
41030;5839;2311
41031;5840;2264
41032;6945;2760
41033;5842;2828
41034;5843;2304
41035;5844;2702
41036;5845;2489
41037;5846;1210
41038;5847;706
41039;5848;667
41040;3428;667
41041;5849;1512
41042;5850;1440
41043;5851;1411
41044;5852;670
41045;5853;595
41046;5854;830
41047;5855;1421
41048;5856;1267
41049;5857;1276
41050;5858;1237
41051;5859;1061
41052;5860;1095
41053;5861;274
41055;5841;2875
41056;9840;1210
41057;6947;1964
41058;6946;2721
41059;10063;1407
41060;10064;1752
41061;10161;2693
41062;10160;1752
41063;10159;2448
41401;3429;936
41403;5864;288
41404;5865;475
41405;5866;355
41406;5867;106
41407;5868;200
41408;5869;336
41601;9856;1886
42001;3643;3200
42002;5870;3600
42003;5871;3000
42004;5872;3100
42005;5873;3100
42006;5874;3200
42007;5875;3200
42008;5876;3200
42009;5877;3150
42010;5878;4000
42011;5879;3000
42012;10027;3100
42013;5881;3400
42014;5882;1500
42015;5883;2600
42016;5884;1500
42017;5885;1500
42018;5886;3000
42019;10134;3400
42020;5888;5600
42021;5889;4500
42022;5890;1500
42023;5891;3000
42024;5892;3100
42025;5893;3000
42028;5894;3100
42029;5895;3000
42030;5896;3000
42033;5897;3000
42034;5898;3000
42035;5899;3200
42036;5900;3200
42037;10055;4500
42038;10051;3000
42039;10053;3000
42040;10052;4500
42041;10054;3000
42042;5887;2000
42043;10277;3200
42044;10276;3200
42045;10278;3200
42046;10279;3200
42047;3712;1800
42048;10280;2600
42049;3713;1600
42050;10281;3200
42051;10295;3000
42052;10296;3200
42053;3714;2000
42055;5906;1500
42300;10072;1500
42301;10073;1500
42302;10075;1500
42303;10074;1500
42304;10070;3000
42404;5901;1000
42405;5902;1500
42406;5903;1500
42407;5904;1500
42408;5905;1500
43001;5414;1900
43002;5415;3000
43003;5416;2800
43004;5417;3000
43005;5418;4500
43006;5419;2600
43007;3677;4350
43008;5420;2550
43009;3485;4500
43010;5421;2000
43011;5422;880
43012;5423;4950
43013;5424;4500
43014;5425;3700
43015;5426;4200
43016;5427;4200
43017;5428;4150
43018;5429;4850
43019;5430;3000
43020;5431;1600
43021;5432;2300
43022;5433;600
43023;5434;1350
43024;5435;1200
43025;5436;1200
43026;5437;1400
43027;5438;1050
43028;5439;400
43029;5440;900
43030;5441;850
43031;5442;700
43032;5443;1400
43033;5444;450
43034;4555;1500
43035;10031;775
43037;5448;600
43038;5449;500
43039;10187;4200
43040;10184;3000
43041;10182;2600
43042;10186;600
44001;5907;1267
44002;5908;1882
44003;5909;1512
44004;5910;1704
44005;5911;1748
44006;5912;2040
44007;5913;1776
44008;5914;1732
44009;5915;1502
44010;5916;1354
44011;10003;1406
44012;5918;1258
44013;5919;812
44014;5920;1060
44015;5921;1368
44016;3593;931
44017;3594;1450
44018;5922;960
44019;5923;1733
44020;5924;1666
44021;5925;1617
44022;3644;1761
44023;3645;1622
44024;5926;1435
44025;3775;1382
44026;3776;1378
44027;3756;2410
44029;5927;1766
44030;5928;1546
44031;5929;715
44032;5930;1056
44033;5931;158
44034;5932;403
44035;5933;874
44036;5934;374
44037;5935;288
44038;5936;640
44039;5937;307
44040;5938;216
44041;5939;1805
44042;5940;2074
44043;5941;1324
44044;5942;1983
44047;10005;3600
44048;10006;3600
44049;5917;2100
44050;10004;2100
44401;5943;442
44402;3528;211
44403;5944;192
44404;5945;240
44405;5946;210
44605;10007;4464
44606;10008;4906
45001;5947;2779
45002;5948;600
45003;5949;1810
45004;5950;566
45005;5951;2544
45006;5952;2664
45007;5953;235
45008;5954;528
45009;5955;2146
45010;5956;3466
45011;5957;4334
45012;5958;3782
45013;5959;432
45014;5960;4075
45015;5961;4013
45016;5962;1162
45017;5963;1181
45018;5964;764
45019;5965;1358
45020;5966;1833
45021;5967;4383
45022;5968;3839
45023;5969;3461
45024;5970;725
45025;5971;1056
45026;5972;523
45027;5973;3941
45028;5974;604
45029;3646;4642
45030;5975;2064
45031;5976;2631
45032;5977;3734
45033;5978;3327
45034;5979;3288
45035;5980;2760
45036;5981;4089
45037;5982;1608
45038;5983;3979
45039;5984;4037
45040;5985;1521
45041;5986;1042
45042;5987;595
45043;5988;326
45044;5989;182
45045;3647;336
45046;5990;278
45047;5991;2884
45048;5992;240
45049;5993;100
45050;5999;298
45401;5994;658
45402;5995;347
45403;5996;648
45404;5997;200
45405;5998;640
45407;6000;470
45408;6001;533
45409;6002;216
45410;6003;200
45411;6004;653
45412;6005;312
45413;6006;300
45414;6007;110
45502;6008;4728
46001;6009;2621
46002;6010;1902
46003;6011;2515
46004;6012;2280
46005;6013;2194
46006;6014;2524
46007;6015;2390
46008;6016;1733
46009;6017;2011
46010;6018;2452
46011;6019;2715
46012;6020;3624
46013;6021;2021
46014;6022;2553
46015;6023;1839
46016;6024;2256
46017;6025;1973
46018;3791;1958
46019;6026;1488
46020;6027;1498
46021;6028;1344
46022;6029;917
46023;6030;1445
46024;6031;1061
46025;6032;2160
46026;6033;1483
46027;6034;1610
46028;6035;610
46029;6036;816
46030;6037;542
46031;10112;2438
46032;6038;1748
46033;6039;2218
46034;6040;2200
46035;6041;3383
46036;6042;1920
46037;6043;1600
46038;10110;3212
46039;6044;1699
46040;6045;1935
46041;10111;1656
46042;10113;3058
46043;10115;1910
46044;10116;2285
46045;10114;341
46046;10117;2861
46047;10118;1738
46048;10120;2189
46049;10119;1300
46050;10125;600
46051;10124;557
46052;10122;2707
46053;10123;576
46054;10121;814
46055;10126;2304
46056;10129;2160
46057;10130;1877
46058;10128;1949
46059;10127;2102
46060;10168;2784
46062;10298;2615
46401;6046;1109
46402;6047;586
46403;6048;200
46405;6050;408
46406;6051;461
46407;6052;302
46408;6053;538
46409;6054;509
46410;6055;442
46411;6056;355
46412;6057;240
46413;6058;504
46414;6059;533
46416;6061;269
47001;6062;2000
47002;6063;1700
47003;6064;2900
47004;6065;2250
47005;6066;2200
47006;6067;2590
47007;6068;1875
47008;6069;3450
47009;6070;2700
47010;6071;2100
47011;6072;1900
47012;6073;475
47013;6074;825
47014;6075;775
47015;6076;525
47016;6077;1200
47017;6078;750
47018;6079;525
47019;6080;1100
47020;6081;620
47021;6082;980
47022;6083;960
47023;6084;890
47024;6085;1550
47025;6086;550
47026;6087;1280
47027;6088;335
47028;6089;575
47029;6090;550
47030;6091;3585
47031;6092;4466
47032;6093;2800
47033;6094;3145
47034;6095;2220
47035;6096;3110
47036;6097;2150
47037;3831;620
47038;6098;490
47039;6099;300
47040;6100;2300
47041;10167;550
47042;6101;680
47043;6102;480
47044;6103;576
47045;10109;2550
47046;10010;1300
47401;6104;600
47402;6105;580
47403;6106;200
47404;6107;750
47405;3430;1800
47406;3777;300
47407;6108;430
47408;6109;200
47409;3778;205
47410;6110;200
47411;6111;875
47412;6112;200
47511;9984;1000
47601;10009;2650
47603;9857;700
48001;4773;3000
48002;3479;900
48003;4774;1500
48004;4775;1800
48005;3517;1700
48006;4777;1400
48007;4776;1500
48008;4781;1800
48009;4807;3000
48010;4782;1800
48011;4780;3000
48012;4804;3200
48013;4805;3000
48014;4806;3600
48700;10056;3000
49001;3447;1500
49002;5036;1500
49003;3572;1500
49004;5037;3000
49005;5038;3000
49006;5039;3000
49007;5040;3000
49008;5041;3000
49009;5042;3000
49010;5043;3000
49011;5044;3000
49012;5045;1500
49013;5046;3000
49014;5047;1500
49015;5048;1500
49016;5049;1500
49017;5050;1500
49018;5051;1500
49019;3684;3000
49020;5052;1500
49021;5053;1500
49022;5054;1500
49023;5055;1500
49025;5056;1500
49026;5057;1500
49027;5058;1500
49028;5059;3000
49029;3685;3000
49030;3686;1500
49031;5060;1500
49032;5245;1500
49033;5246;1500
49034;5247;3000
49035;5061;1500
49036;10025;1500
49300;10282;1500
50001;5255;2800
50002;5063;2900
50003;5064;2800
50004;5065;3000
50004;10250;3000
50006;5067;3000
50007;5068;1500
50008;5069;3000
50009;5070;1500
50010;5071;1500
50011;5075;1500
50012;5076;1500
50013;3655;1500
50014;5077;3000
50015;5078;3000
50016;5079;1700
50017;5083;3000
50018;5084;3000
50019;5085;3000
50020;3742;3000
50021;5087;1500
50022;5088;2800
50023;5089;1500
50024;5090;4500
50025;5091;3000
50026;5092;3000
50027;5093;1400
50028;3687;1400
50029;3573;1400
50030;3574;1400
50031;3633;1500
50033;5094;1400
50034;5098;1300
50036;3551;1300
50037;3634;1500
50038;10257;1500
50039;10256;1500
50041;10251;3000
50300;3635;1500
51001;3576;1500
51004;5101;1500
51005;5102;1500
51006;5105;1500
51009;5108;1500
51013;5110;3000
51018;5115;1500
51019;5118;1500
51020;5119;1000
51021;5120;1500
51022;5121;1500
51023;5122;1500
51024;3481;1500
51025;5123;1500
51026;5124;1500
52006;6118;800
52007;6119;800
52013;6124;500
52014;6125;650
52406;3781;1800
52407;6129;1800
52408;6130;1800
52409;6131;1800
52410;6132;1800
53001;6133;1800
53002;6134;2100
53003;10306;2040
53004;6136;3312
53005;6137;2210
53006;3487;1915
53007;6138;1450
53008;6139;1725
53009;6140;1300
53010;6141;1575
53011;6142;1570
53012;6143;2030
53013;6144;675
53014;6145;864
53015;6146;1900
53016;6147;485
53017;10302;1950
53018;6148;875
53019;6149;2493
53020;6150;1070
53021;10300;650
53022;6152;575
53023;6153;750
53024;6154;600
53025;6155;750
53026;6156;1350
53027;6157;2000
53028;6158;960
53029;6159;900
53030;3648;1050
53031;6160;750
53032;6161;1800
53033;3649;450
53034;6162;315
53035;6163;325
53036;6164;615
53037;6165;820
53038;10301;600
53039;6166;1100
53040;10308;3000
53041;6167;615
53042;6168;1475
53043;6169;235
53044;6170;1125
53045;6171;2395
53046;6172;625
53047;6173;1800
53048;6174;3600
53049;6175;3600
53050;6176;5400
53051;6177;5400
53052;6178;3600
53053;10307;800
53054;10303;2000
53055;10305;3100
53056;10304;2100
53057;6135;2800
53058;10299;650
53060;6151;600
53401;6179;300
53402;6180;460
53403;6181;300
53404;6182;650
53405;6183;125
53406;6184;80
53407;6185;350
53408;6186;80
53409;6187;65
53411;6189;275
53412;6190;120
53414;6192;850
53415;6193;500
54001;3752;2000
54002;6194;2600
54003;6195;1200
54004;6196;1800
54005;6197;1700
54006;6198;2500
54007;6199;1100
54008;6200;800
54009;6201;700
54010;6202;600
54011;6203;500
54012;3695;700
54013;3696;1000
54014;6204;1150
54015;6205;1200
54016;3782;1100
54017;3783;1595
54018;6206;2925
54019;6207;2150
54020;6208;2300
54021;6209;1000
54022;6210;1600
54023;6211;650
54024;6212;1700
54025;6923;835
54026;6213;500
54027;6930;500
54031;6218;1800
54032;6922;780
54401;6219;1800
54402;6220;350
55001;6221;1100
55002;6222;1120
55003;6223;1080
55004;6224;1255
55005;6225;770
55006;6226;1285
55007;6227;1180
55008;6228;1040
55009;6229;1140
55010;6230;990
55011;6231;2534
55012;6232;1900
55013;6233;1520
55014;6234;3580
55015;6235;3250
55016;6236;3602
55017;6237;3030
55018;3508;3300
55019;10131;1800
55020;10132;1800
55021;6238;1400
55022;6239;1320
55023;6240;1820
55024;6241;860
55025;6242;930
55026;6243;840
55027;6244;1750
55028;6245;1550
55029;6246;1430
55030;6247;1840
55031;3656;1000
55032;3657;1100
55033;6248;400
55034;6249;350
55035;6250;470
55036;3658;2400
55037;6251;2634
55038;6252;2100
55039;6253;1590
55040;6254;1570
55041;6255;1600
55042;3784;2150
55043;3785;1340
55044;6256;630
55045;6257;635
55046;6258;840
55047;6259;855
55048;6260;1820
55049;6261;1500
55050;6262;600
55051;6263;750
55052;6264;430
55054;6265;2700
55055;6266;1660
55056;6267;3241
55057;6268;3150
55058;6940;2950
55059;6269;1810
55060;6270;2280
55061;6925;1395
55062;6924;1410
55063;6926;930
55064;6998;2760
55065;6999;220
55066;10138;2160
55067;10140;2127
55068;10144;1800
55069;10142;1986
55070;10143;1435
55071;10141;1243
55072;10139;2008
55073;10151;2438
55074;10152;2554
55075;10148;2856
55076;10150;915
55077;10147;3600
55078;10149;3600
55079;6274;1800
55080;10169;3600
55401;6271;500
55402;6272;300
55403;6273;1800
55405;6275;326
55406;6276;250
55407;6277;500
55408;6278;640
55409;6279;670
55410;6280;730
55411;6281;300
55412;6282;300
55413;6283;450
55414;6284;1070
55415;6285;1030
55601;10146;2678
56001;6286;1500
56002;3659;2300
56003;6287;1625
56004;6288;1700
56005;6289;1100
56006;3660;1200
56007;6290;775
56008;6291;575
56009;9845;1600
56010;6292;1310
56011;6293;850
56012;6294;950
56013;6295;1100
56014;6296;1450
56015;6297;2758
56016;6298;3350
56017;6299;2044
56018;6300;1250
56019;6301;1450
56020;9846;1200
56021;6302;2800
56022;6303;1575
56023;6304;2000
56025;6305;1175
56026;6306;925
56027;6307;475
56028;6308;425
56029;6309;970
56030;6310;1845
56031;6311;2100
56032;6312;1450
56033;6313;1300
56034;6314;425
56035;6315;1000
56036;6316;500
56037;6317;900
56038;6318;1100
56039;6319;650
56040;6320;1200
56041;6321;1300
56042;6322;600
56043;6323;1200
56044;6324;1000
56045;9844;700
56401;6325;170
56402;6326;600
56403;6327;200
56404;6328;200
56405;6329;643
56406;6330;450
56407;6331;930
57001;6332;1125
57002;6333;1250
57003;6334;805
57004;6335;1200
57005;6336;1100
57006;6337;2125
57007;6338;1720
57008;6339;1620
57009;6340;1500
57010;6341;1635
57011;6342;1295
57012;6927;1710
57013;9993;450
57015;3832;2400
57016;6345;550
57018;9838;600
57019;9839;620
57020;6928;2550
57021;6929;1000
57022;10001;1200
57023;10002;500
57024;9969;400
57401;6347;200
57402;6348;540
57403;6349;425
57404;6350;250
57405;6351;350
57406;6352;500
57407;6353;700
57603;9994;1200
57604;10145;700
57605;6344;2850
57606;6346;550
58001;5132;1800
58002;5133;1800
58003;5134;1500
58004;5135;1500
58005;5136;1800
58006;5137;1500
58007;5138;2000
58008;5139;3200
58009;5140;1600
58010;5141;1600
58011;5144;1600
58012;5145;1600
58013;5146;1500
58014;5147;1800
58015;5148;1500
58016;3769;1800
59001;6355;1400
59002;6356;1400
59003;6357;700
59004;6358;900
59005;6359;950
59006;6360;2700
59007;6361;850
59008;6362;800
59009;6363;550
59010;6364;500
59011;6365;600
59012;6366;700
59013;6367;1300
59014;6368;800
59015;6369;1300
59016;6370;350
59017;6371;850
59018;6372;1025
59019;6373;850
59020;6374;850
59021;6375;850
59022;3786;1300
59023;6376;1350
59024;6377;1575
59025;6378;850
59026;6379;1225
59027;6381;1300
59028;6382;2000
59029;6383;1560
59030;3792;800
59031;3793;900
59032;6384;700
59033;6385;820
59034;6386;1200
59035;6967;600
59401;6387;700
60001;3421;2900
60002;7017;3100
60003;3423;3200
60004;5451;4800
60005;5452;4800
60006;5453;4800
60007;5454;4800
60008;5455;4800
60009;5456;4800
60010;5457;6400
60011;5458;4800
60012;5459;4800
60013;5460;4800
60014;5461;4800
60015;5462;4800
60016;5463;4800
60017;5464;5175
60018;5465;2850
60019;5466;1000
60020;5467;1000
60021;5468;3450
60022;5469;6000
60024;5470;4300
60025;5471;3000
60026;5472;2900
60027;5473;1500
60028;5474;4400
60029;5475;3000
60030;5476;4500
60031;5477;4500
60032;5478;4500
60033;5479;4500
60034;5480;2200
60035;5481;1500
60036;5482;3000
60037;5483;1250
60038;5484;4500
60039;5485;3000
60040;5486;4500
60041;5487;3000
60042;5488;3000
60043;5489;4500
60044;5490;3000
60045;5491;1600
60046;5492;4500
60047;5493;3000
60048;5494;1500
60049;3743;1200
60051;5495;1500
60052;5496;1500
60053;5497;2600
60054;5498;4200
60055;5499;3500
60056;3448;2600
60057;5500;2800
60058;5501;2600
60059;5502;2700
60060;5503;2900
60061;5504;2600
60062;5505;1925
60063;5506;1925
60064;5507;900
60066;5508;2800
60067;5509;1350
60068;5680;250
60069;5510;1400
60070;5511;1500
60072;5512;4800
60073;5513;3900
60079;3449;2100
60103;5450;900
60401;7082;900
60402;7080;900
60403;7081;1800
60404;7085;1800
61001;5515;2200
61002;5516;2050
61003;5517;3000
61004;5518;1500
61005;5519;4500
61006;5520;4500
61007;5521;4500
61008;5522;3000
61009;5523;1900
61010;5524;2200
61011;5525;1950
61012;5526;1700
61013;5527;1500
61014;5528;500
61015;5529;3000
61016;5530;1500
61017;5531;3000
61018;5532;3000
61019;5533;3000
61020;5534;1900
61021;3486;1600
61022;5535;1500
61023;5536;1500
61024;5537;1500
61025;5538;1500
61026;3518;1400
61027;5539;1400
61028;5540;3000
61029;5541;3000
61030;5542;3000
61031;5543;3000
61032;5544;3000
61033;5545;1800
61034;5546;3000
61035;5547;4500
61036;5548;3000
61037;5549;4500
61039;5551;3000
61040;5552;3000
61041;5553;3000
61042;5554;3000
61043;5555;1500
61044;5556;1400
61045;5557;3000
61046;5558;3000
61047;5559;1700
61048;5560;1600
61049;5561;2800
61050;3642;1400
61051;5562;1500
61052;5563;1400
61053;5564;3000
61054;5565;3000
61055;5566;3000
61056;5567;3000
61057;5568;1500
61058;5569;1500
61059;5570;3000
61060;5571;1500
61061;5572;1500
61062;5573;1500
61063;5574;1500
61064;5575;3000
61065;5576;1500
61066;5577;1500
61067;5578;1500
61068;5579;1500
61069;5580;1500
61070;5581;3000
61071;6980;3000
61072;5583;1500
61073;5584;1500
61074;3580;4500
61075;5585;1600
61076;7089;1870
61077;5587;4400
61078;3744;3000
61079;3581;2600
61080;5588;2800
61081;5589;1450
61082;5590;1760
61083;5591;1560
61085;5592;1595
61086;5593;1030
61087;5594;1340
61088;5595;1115
61089;5596;850
61090;5597;1350
61091;5598;580
61092;5599;470
61093;3773;330
61094;5600;350
61095;5601;420
61096;5602;450
61097;5603;550
61098;5604;410
61099;5605;330
61100;5606;3600
61101;5607;3200
61102;5608;3000
61103;5609;3000
61106;5610;3000
61107;5611;3000
61108;5612;3000
61109;5613;2650
61110;5614;3000
61111;5615;1400
61112;5616;760
61113;5617;2020
61114;5618;2640
61115;7093;2040
61116;5620;525
61117;5621;700
61118;3662;800
61119;7088;930
61120;5586;940
61121;7092;1280
61122;5619;760
61123;7086;1500
61124;6981;3600
61125;5582;3600
61701;3452;4500
62001;9991;2825
62002;3453;2950
62003;5622;2200
62004;3663;2450
62006;5623;2000
62008;5624;2200
62009;3834;2200
62010;5625;1950
62011;5626;3300
62012;5627;2100
62013;5628;500
62014;5629;650
62015;5630;1500
62016;5631;300
62017;5632;1000
62018;5633;1100
62019;5634;3100
62020;5635;3000
62021;5636;3000
62022;5637;3000
62023;5638;3000
62024;5639;1600
62025;5640;1400
62026;5641;1500
62027;5642;2900
62028;5643;1000
62029;5645;3000
62030;5646;3000
62031;5647;1300
62032;5648;1300
62033;5649;1500
62034;5650;4500
62035;5651;4500
62036;3790;2950
62037;5652;2900
62038;5653;1400
62039;5654;1400
62040;5655;1450
62041;5656;1300
62042;5658;4500
62043;5659;3200
62044;5660;1000
62045;5661;1500
62046;5662;1500
62047;3667;1500
62048;3668;1500
62049;5663;450
62050;5664;1500
62051;5665;1500
62052;5666;1500
62053;5667;1500
62054;5668;1400
62055;5669;650
62056;5670;4300
62057;5671;1500
62058;5672;1500
62059;5673;3000
62060;5674;4500
62061;3751;2600
62062;5675;3600
62064;5676;2190
62065;5677;1800
62066;5678;1500
62067;5679;1400
62069;5681;500
62070;7111;1500
62072;5682;1100
62073;5683;1000
62074;5684;2200
62075;5685;2200
62076;5686;2400
62077;5687;2050
62078;5688;2000
62079;5689;2200
62080;5690;700
62081;5691;1500
62082;5692;2000
62083;5693;3000
62084;5694;1550
62085;7094;1700
62086;5657;1100
62100;7112;5600
63001;3424;1850
63002;3425;2250
63003;3426;2350
63004;3427;2200
63005;5695;1900
63006;3583;2050
63007;3584;2050
63008;5696;2450
63009;5697;2400
63010;5698;2250
63011;5699;2200
63012;5700;2100
63013;5701;2200
63014;5702;2200
63015;5703;2500
63018;5705;700
63019;5706;1000
63020;5707;500
63021;5708;500
63022;5709;600
63023;5710;1850
63024;5711;4250
63025;5712;4565
63026;5713;5650
63027;5714;5500
63028;5715;1500
63029;5716;5650
63030;5717;5975
63031;5718;2120
63032;5719;1950
63033;5720;1500
63034;5721;1500
63035;5722;3000
63036;5723;3000
63037;5724;3000
63038;5725;3000
63039;5726;1500
63040;5727;1400
63041;5728;1000
63042;5729;2100
63043;5730;2650
63044;5731;3000
63045;5732;1500
63046;5733;1400
63047;5734;1500
63048;5735;1500
63049;5736;3100
63050;5737;1500
63051;5738;800
63052;5739;2100
63053;5740;3025
63054;5741;1200
63055;7115;1050
63056;3454;900
63057;3455;2300
63058;3456;500
63059;5742;1600
63060;7018;5900
63061;7069;1950
63062;7021;6000
63063;3511;3050
63064;7020;450
63701;7140;5765
64001;6388;1975
64002;6389;1925
64003;6390;2325
64004;6391;1957
64005;6392;2625
64006;6393;1875
64007;6394;3150
64008;6395;2200
64009;6396;1394
64010;6397;2250
64011;6398;2075
64012;6399;2075
64013;6400;2481
64014;6401;2243
64015;6402;1900
64016;6502;480
64018;6403;700
64019;6404;2905
64020;6405;1650
64021;6406;600
64022;6407;700
64023;6408;1540
64024;6409;1100
64025;6410;4005
64026;6411;3150
64028;3431;800
64029;3529;2225
64030;6413;370
64031;6414;340
64032;6415;785
64033;9865;3600
64401;6416;625
64402;6417;625
64403;6418;389
64404;3661;720
64405;6419;500
65001;6495;3530
65002;6420;5070
65003;6421;3000
65004;6422;3200
65005;6423;1845
65006;6424;1720
65007;6425;2850
65008;6426;1715
65009;6427;1750
65010;6428;1160
65011;3804;1650
65012;3805;2125
65013;6429;1925
65014;6430;1925
65015;6431;2135
65016;6432;3130
65017;6497;5050
65018;6496;4250
65019;6434;810
65020;6435;1000
65021;3812;1000
65022;6436;1930
65023;6437;1000
65024;6438;1225
65025;6499;1770
65026;6498;550
65027;3810;550
65028;3811;2300
65029;6440;470
65030;6441;650
65031;6442;460
65032;6443;635
65033;6444;1200
65034;6445;1000
65035;6446;450
65036;6447;1825
65037;6448;855
65038;6449;1650
65039;6450;770
65040;6451;3600
65041;6452;1125
65049;6458;500
65051;3833;2470
65052;6459;600
65053;6460;700
65057;6461;2700
65058;6462;2100
65401;6464;450
65404;6467;1800
66001;3557;2000
66002;6468;3550
66003;6469;1410
66004;6470;950
66005;6471;650
66006;6472;1300
66007;6473;1150
66008;6474;1250
66009;6475;1200
66010;6476;400
66011;6477;750
66012;6478;1350
66013;6479;1100
66014;6480;700
66015;6481;750
66016;6482;3600
66017;3760;4500
66018;6500;395
66019;6501;800
66020;10238;3600
66021;10241;5400
66022;10240;3600
66023;10239;1800
66024;10243;3600
66025;10244;3600
66026;10245;1800
66027;10246;3600
66028;10260;3600
66401;10242;3850
67002;6214;1300
67003;6215;1300
67004;6216;1150
67005;6217;1550
67006;3808;1100
67007;3809;2570
67008;6113;1670
67009;6114;2000
67010;6115;1550
67011;6116;1880
67012;6117;1400
67013;6120;1422
67014;6121;725
67015;6122;600
67016;6123;1450
67017;6455;1620
67018;6456;4445
67019;6457;700
67020;6453;1200
67021;6454;2700
67022;6439;1550
67023;6463;400
67024;6433;1200
67043;6908;2250
67044;9949;2250
67401;6126;430
67402;6127;780
67403;6128;200
67405;3780;150
67406;6465;350
67407;6466;300
67601;6984;1886
67602;6986;1350
67603;6985;1752
67604;6990;873
67605;6989;1594
67606;6988;717
67607;6987;1467
67610;9927;1445
67611;9921;1620
67612;9945;1525
67613;9946;1825
67614;9948;1850
67615;9947;1550
67616;9953;900
67617;9955;2000
67618;9954;500
67619;9950;825
67620;9951;2200
68001;6483;2300
68002;6484;600
68003;6485;1600
68004;6486;1300
68005;6487;1800
68006;6488;1100
68007;6489;825
68008;6490;638
68601;9982;1400
68602;9983;1400
68603;10163;1400
68604;10164;1400
68605;10162;1400
69001;6491;1685
69002;6492;1275
69003;6493;300
69004;6494;600
70019;9854;2020
70020;9855;1975
70021;6969;2675
71001;3664;1900
71002;3665;2075
71003;6508;1580
71004;3709;1825
71005;3710;1700
71006;3679;2400
71007;6509;1850
71008;6510;2400
71009;6511;1800
71010;6512;1745
71011;3666;2050
71012;6513;1300
71013;6514;2050
71014;6515;1700
71015;6516;2150
71016;6517;2700
71017;6518;500
71018;6519;3070
71019;3711;1100
71020;6520;2050
71021;3698;1250
71022;6521;1500
71023;6522;1650
71024;6523;1450
71025;6524;1850
71026;6525;950
71027;6526;850
71028;6527;780
71029;6528;1050
71030;6529;950
71031;6530;1000
71032;6531;630
71033;6532;635
71034;6533;1900
71035;6534;425
71036;6535;1050
71037;6536;2205
71038;6503;2075
71039;6504;375
71041;10249;3600
71042;10248;3600
71043;10247;3600
71401;6537;600
71402;6538;600
71403;6539;600
71404;6540;500
73001;6959;4500
73002;6960;4500
73003;6961;3000
73004;3814;1500
73005;3680;1500
73006;6547;1500
73007;9998;3000
73008;9996;3000
73009;9997;1500
73010;9995;1500
73011;9999;1500
73012;10067;4500
73013;10069;4500
73014;10068;1500
73015;10230;3000
73016;10229;3000
73017;10231;1500
73018;10235;3000
73019;10232;3000
73020;10234;1500
73021;10233;1500
73022;10326;3000
73023;10328;3000
73024;10330;3000
73025;10329;3000
73026;10310;3000
73027;10309;3000
73028;10331;3000
73029;10319;3000
73030;10313;3000
73031;10311;3000
73032;10312;3000
73033;10315;3000
73034;10314;3000
73035;10316;3000
73036;10325;3000
73037;10327;3000
73038;10324;3000
73039;10323;3000
73040;10322;3000
73041;10321;1500
73042;10317;3000
73043;10318;3000
73044;10320;3000
73405;6545;1500
73406;6546;1500
73407;3813;1500
74001;6548;925
74002;6549;835
74003;6550;670
74004;6551;650
74005;6552;650
74006;6553;1105
74007;3681;790
74008;6554;750
74009;6555;710
74010;3806;630
74011;6556;700
74012;6557;445
74013;6558;2200
74014;9957;900
74015;9958;650
74016;9956;800
75001;6559;3000
75002;6560;1500
75003;6561;3000
75004;6562;3000
75005;6563;1500
75006;6564;1500
75007;6565;1600
75008;6566;1500
75009;6567;1500
75010;6568;1500
75011;6569;1500
75012;3788;1600
75013;6570;3000
75014;6571;3000
75015;6572;3000
75016;6573;3000
75017;6575;1500
75018;6955;1600
75019;6574;3200
75020;6956;1600
75021;3723;1600
75022;6954;3000
75023;7110;1500
75024;10197;3000
75025;10291;3000
75026;10294;3200
75027;10293;1500
75028;10292;1500
75403;6577;1200
75404;6578;1500
75405;6579;1500
75406;6580;1500
75407;3787;1500
75410;6953;1500
76001;6962;3000
76002;6582;3000
76003;6583;1500
76004;6963;1500
76005;6965;3000
76006;6966;4500
76007;3789;1500
76008;6964;1500
76009;9861;4500
76010;9862;4500
76011;9858;4500
76012;9859;4500
76013;6970;4500
76014;9860;4500
76015;10028;1500
76016;5880;1500
76017;10029;1500
76018;10030;1500
77001;10136;1500
77002;3530;1500
77003;6591;3000
77004;10188;3000
77005;10189;1500
77006;10190;3000
77007;10191;1500
77008;10215;1500
77009;10214;3000
77010;10213;4500
77401;6584;1500
77402;6585;1500
77403;6586;1500
77404;6587;1500
77405;6588;1500
77406;6589;1500
77407;6590;1500
77408;10137;1500
77409;10135;1500
78001;10060;4500
78002;10059;3000
78003;10058;4500
78004;6595;4500
78005;3509;4500
78006;6596;3000
78007;6597;4500
78008;6598;3000
78009;3794;3000
78010;6599;4500
78011;3795;4500
78018;10062;3000
78019;10061;5100
78021;10090;3000
78022;10088;3000
78023;10091;3000
78024;10086;3000
78025;10181;3000
78026;6594;4500
78401;3700;1500
78402;6600;1500
79001;6601;2930
79002;6602;2290
79003;6603;2837
79004;6604;3138
79005;6605;1420
79006;6606;2130
79007;3432;1740
79008;6607;1500
79009;3519;1650
79010;3520;640
79011;6608;480
79012;6609;2150
79013;10094;3120
79014;6611;2350
79015;6612;3190
79016;3457;3350
79017;6613;1360
79018;6614;1280
79019;6615;2380
79020;6616;2850
79021;6617;3400
79022;3458;1500
79023;3459;1030
79024;6618;2050
79025;3796;1840
79026;6619;3160
79027;6620;2350
79028;6621;1250
79029;6622;1100
79030;6623;1760
79031;6624;750
79032;6625;900
79035;9868;540
79036;9869;800
79037;9871;950
79038;9870;745
79039;9872;660
79040;9873;875
79041;9875;2830
79042;9876;1110
79043;9877;1070
79045;6592;3670
79046;6921;2670
79047;3699;2300
79048;6920;2800
79049;6593;1850
79051;6610;1634
79052;6826;1270
79401;6626;100
79402;6627;150
79403;6628;150
79404;6629;170
79405;6630;180
79601;9866;1512
79602;9867;2639
79612;9874;2501
80001;5149;1500
80002;5150;1500
80003;3770;1500
80004;5151;5100
80005;5152;1500
80006;3771;4500
80007;5153;4500
80008;5154;4500
80009;5155;4500
80010;5156;4500
80015;5160;1500
80026;5169;1800
80027;5170;1500
80028;5171;1300
80030;5173;1500
80037;5178;3600
80300;5180;1500
80301;9833;1500
80302;6834;1500
81001;5182;1500
81005;5185;1500
81006;5186;4500
81007;5187;1500
81008;5188;3300
81009;5189;1500
81010;5190;1500
81011;5191;1500
81012;5192;1500
81013;5193;1800
81014;5194;1800
81015;5195;3000
81016;5196;3300
81017;5197;1500
81018;5198;4800
81019;7008;1500
81020;10283;1800
82001;5199;650
82003;5201;650
82006;5206;580
82007;5207;450
82008;5208;280
82013;5212;912
82014;5213;595
82015;5214;446
82016;5215;1027
82025;5228;383
82027;5230;750
82028;5644;1350
82029;5235;1680
82030;10156;1800
82401;5200;300
82402;5229;300
82403;5222;850
82404;5216;800
82405;5224;700
82406;5227;900
82407;5223;700
82408;5221;700
82409;5226;700
82410;5225;900
82411;5202;550
82412;5205;420
82413;5209;300
82414;3772;250
82415;5210;650
82416;5211;280
83001;5231;1170
83002;3482;860
83003;5232;1650
83004;5233;1410
83005;5234;560
83006;9837;1600
83007;9834;1050
83008;10157;1700
83009;10158;1620
83010;5862;1550
83401;9836;500
83402;9835;500
83403;6505;700
83404;6506;500
83405;6507;625
84001;5236;3000
84002;5237;4500
84003;5238;4500
84004;5239;4500
84005;5297;2000
84006;5298;1400
84007;5299;1400
84008;5240;1500
84009;5241;4500
84010;5242;1500
84011;5243;4500
84012;5244;4500
84013;5248;4500
84014;5249;6000
84015;3688;3000
84016;5250;3000
84017;5251;3000
84018;5252;1500
84019;5253;3000
84020;5254;3000
84021;5256;4500
84022;5257;3000
84023;5258;4500
84024;5259;4500
84025;5260;4500
84026;5261;4500
84027;5262;3000
84028;5263;3000
84029;5264;3000
84030;5265;3000
84031;5266;1500
84032;5267;1500
84033;5268;1500
84034;5269;1500
84035;5270;1500
84036;5271;1500
84037;5272;1500
84038;9849;1400
84039;9848;1400
84040;9850;2000
84041;9851;1400
84042;9852;1400
84043;9853;1400
84044;9941;4500
84045;9940;4500
84046;9942;4500
84047;9901;4500
84048;9978;1400
84300;5273;1500
84301;5274;1500
85001;5275;1500
85002;4792;1500
85003;5277;1500
85004;4793;6000
85005;5279;4500
85006;5280;3000
85007;5281;3000
85008;5282;3000
85009;5283;1500
85010;5284;1500
85011;5285;1500
85012;5286;3000
85013;5287;3000
85014;5288;3000
85015;5289;3000
85016;5290;3000
85017;5291;3000
85018;5292;1500
85019;5293;3000
85020;5294;1500
85021;5295;1500
85022;5296;1500
85023;5300;1500
85024;5301;1500
85025;5302;1500
85026;5303;3000
85027;4790;4500
85029;4791;1500
85031;4779;3000
85032;4787;4500
85033;4789;3000
85034;3830;3000
85035;4785;1500
85036;4786;3000
85037;4784;3000
85038;4795;3000
85039;4796;1500
85040;4797;1500
85041;3556;1500
85042;4798;3000
85043;4783;4800
85044;10261;4500
85045;10262;1500
85046;4799;4500
85046;10272;4500
85047;4788;4500
86001;5304;2800
86002;5305;4500
86003;5306;2800
86004;5307;1900
86005;5308;2800
86006;5309;2600
86007;5310;2800
86008;5311;1500
86009;5312;2800
86010;5313;1500
86011;5314;2800
86012;5315;1700
86013;5316;1500
86014;5318;2000
86015;5319;2800
86016;5320;1500
86017;5321;2800
86018;5322;1800
86019;5317;2800
86020;5323;1800
86021;5324;2800
86022;5325;2800
86023;5326;1000
86024;5327;1700
86025;3749;1300
86026;5328;2000
86027;5329;1400
86028;3750;2000
86029;5330;2000
86030;5331;2000
86031;5332;2000
86032;5333;2000
86033;5334;2000
86034;5335;2000
86035;3636;6000
86036;5157;4400
86037;5158;3000
86038;5159;1500
87001;5336;3000
87002;5337;3000
87003;5338;1500
87004;5339;1500
87005;5340;3000
87006;5341;3000
87007;5342;3000
87008;5343;3000
87009;5344;3000
87010;5345;3000
87011;5346;3000
87012;5347;3000
87014;5349;1500
87015;5348;1500
87019;5350;3000
87020;5351;1500
87021;5352;3000
87022;5354;3000
87023;5355;1500
87024;5356;1500
87025;7107;3000
87026;7108;3000
87027;9935;3000
87028;9936;3000
87029;9939;3000
87030;9944;3000
87031;9943;3000
87032;9986;1500
87033;9989;1500
87034;9987;1500
87035;9988;1500
87036;9990;1500
87037;10290;1500
88001;5357;500
88002;5358;750
88003;5359;500
88004;5360;1130
88005;5361;750
88006;5362;820
88007;5363;1910
88008;5364;630
88009;5365;655
88010;5366;620
88011;5367;800
88014;5370;2310
88015;9864;510
88017;5368;860
88018;5369;1040
88402;9863;320
89001;5373;431
89002;5374;1178
89003;5375;619
89004;5376;960
89005;5377;381
89006;5378;559
89007;5379;619
89008;5380;384
89009;5381;1430
89010;5382;830
89011;5383;1050
89012;5384;1810
89300;6993;700
89301;6991;500
89302;6992;650
90001;3417;2400
90002;3418;2500
90003;4688;2400
90004;4689;3600
90005;4690;3050
90006;4691;3000
90007;4692;2700
90008;4693;3300
90009;4694;800
90010;4695;2700
90011;4696;2400
90012;3444;800
90013;10038;900
90015;3476;1500
90016;3477;3500
90017;3478;4000
90018;4697;3500
90019;4698;1500
90020;4699;1500
90021;4700;3000
90022;4701;3500
90023;9970;3000
90024;9971;3000
90025;9972;1000
90030;4705;1500
90033;4707;1800
90034;4708;1500
90035;4709;1500
90036;4710;1200
90037;4711;1500
90038;4712;1500
90039;4713;3400
90040;4714;1500
90041;4715;2000
90042;4716;1200
90043;4717;2700
90044;4718;1200
90045;3401;2200
90046;10065;650
90EL00PM01;6880;0
90EL16PM01;6881;0
90EL38PM01;6882;0
90EL69PM01;6890;0
90ET09PM01;6888;0
90ET43PM01;6889;0
90ET58PM01;6883;0
90ET93PM01;6884;0
91001;3402;3600
91002;5744;1800
91003;5745;3600
91004;5746;3600
91005;5747;5400
91006;5748;1800
91007;5749;3600
91008;5750;1500
91009;5751;1200
91010;5752;1200
91011;5753;1200
91012;5754;1500
91013;9925;3000
91014;9896;3300
91015;9897;3000
92001;5755;3000
92002;5756;3000
92003;5757;3000
92004;5760;3000
92005;5759;3000
92006;7097;3000
92007;10155;3000
93001;3678;1500
93002;4719;3000
93003;4720;1500
93004;4721;1500
93005;4722;3000
93006;4723;1500
93007;6912;3000
93008;4725;3000
93009;4726;1500
93010;4727;3000
93011;4728;1800
93012;4729;3000
93013;4730;3000
93014;4731;3000
93015;4732;1200
93016;4733;3000
93017;4734;5400
93018;4735;1200
93019;4736;1200
93020;9883;3000
93021;9884;3000
93022;9887;1500
93023;9886;1500
93024;9906;1500
93025;4737;1800
93026;4738;1800
93027;9905;1500
93028;9904;3000
93029;9903;1500
93030;9913;3000
93031;9912;3000
93032;9911;1500
93033;9910;1200
93034;9898;3000
93035;9899;3000
93036;9900;3000
93037;9975;3600
93038;9974;3600
93039;9973;1800
93040;9976;1800
94001;5385;4500
94002;5386;3000
94003;5387;1500
94004;3483;1500
94005;3484;4500
94006;5388;4500
94007;5389;3000
94008;3590;4500
94009;10015;1500
94010;5391;1500
94011;5392;1500
94012;5393;3000
94013;5394;1500
94014;6832;1500
94015;5396;3000
94016;5397;1500
94017;5398;3000
94018;5399;3000
94019;5400;1500
94020;5401;3000
94021;5402;3000
94022;5403;1500
94023;6811;1200
94024;10014;3000
94025;10016;1500
94026;10017;3000
94027;5390;1500
95001;5011;1500
95002;5010;3000
95003;5001;3000
95004;3410;1500
95005;5002;3000
95006;5003;3000
95007;4547;1500
95008;5012;1500
95009;5004;3000
95010;5018;1500
95011;5005;3000
95012;3702;3000
95013;5035;1500
95014;5006;3000
95015;7009;1500
95016;5019;1500
95017;5021;1500
95018;5007;3000
95019;5022;3000
95020;5023;3000
95021;5034;1500
95022;5032;1500
95023;5033;1500
95024;5008;3000
95025;5031;1500
95026;5024;3000
95027;5020;1500
95028;5009;3000
95029;5029;1500
95030;5016;1500
95031;5013;3000
95032;5014;3000
95033;3553;1500
95034;5015;3000
95035;5030;1500
95036;5017;1500
95037;5184;2000
95038;5183;1500
96001;10253;2800
96002;10254;1500
96003;10273;1500
96004;5112;1500
96005;10274;1500
96006;10275;1500
96038;5125;1500
96039;5126;1500
96040;3628;3000
96041;5131;1500
96042;5109;1500
96043;9847;1500
96044;5099;1500
96045;5100;1500
96046;5127;3000
96047;5111;1500
96048;3629;3000
96049;5113;1500
96050;5128;1500
96051;5114;1500
96052;5106;1500
96053;5107;1500
97001;5761;3600
97002;5762;7200
97003;5763;3600
97004;5764;700
97005;5765;600
97006;5766;600
97010;5767;5400
97011;5768;3600
97012;5769;3600
97013;5770;3600
97014;5771;1800
97015;10195;800
97016;9914;800
97017;4472;3600
97018;6983;3600
97019;10212;3600
97020;3513;4400
97021;5772;2470
97022;5773;2290
97023;3498;2000
97024;5774;1600
97025;5775;1750
97026;5776;1700
97027;5777;2650
97028;3411;2200
97029;3439;2740
97030;5778;1800
97031;5779;300
97032;5780;450
97033;3499;1100
97034;3500;1350
97035;3412;600
97036;3413;300
97037;4259;3000
97038;4260;1400
97039;4261;4200
97040;3707;2800
97041;4262;3000
97042;3618;400
97043;4263;800
97044;4264;4300
97045;4265;3350
97046;4266;400
97047;3475;2800
97048;4268;2800
97049;4269;3000
97050;4270;1400
97052;7087;1300
97053;7057;5400
97055;3522;7200
97056;4136;3600
97057;4141;3600
97058;4139;5400
97059;4134;3600
97060;4135;5400
97061;3436;3600
97062;4140;3600
97065;4483;1700
97066;3471;2100
97067;4485;850
97068;4486;3300
97069;4487;4250
97070;4488;1650
97072;4702;750
97073;3505;1550
97074;3506;1500
97075;3507;3800
97076;4703;3900
97077;3515;1000
97078;3516;1650
97079;4704;1650
97080;4706;1000
97085;7098;3600
97086;7106;3600
97087;7105;3600
97088;7104;3600
97089;7095;3600
97090;7096;1800
97091;4132;3500
97092;4133;2420
97093;9959;800
97094;4130;2090
97095;4154;2350
97096;7002;3150
97097;4153;2370
97098;7003;2670
97099;7004;1920
97101;4129;1800
97102;4126;1680
97103;4050;830
97104;4049;1950
97105;4056;1200
97106;4051;3200
97107;4059;4100
97108;7076;3070
97112;7023;5400
97305;4279;1300
97306;7072;300
97403;5782;150
97404;4137;1800
97407;7100;600
97408;7099;300
97409;7083;480
97410;4127;820
97411;4138;1770
97412;4152;350
97596;7074;2450
97597;7070;1200
98001;5025;1500
98002;5026;1500
98003;5027;1500
98004;5028;1500
98008;4918;3500
98009;4920;1500
98010;4919;1800
98011;4921;1500
98012;4906;1700
98013;6830;1500
98014;4903;3000
98015;4904;1500
98016;4905;3200
98017;4907;1500
98018;4908;1500
98019;3403;1500
98020;5166;1500
98021;3637;1700
98022;5179;1700
98023;5165;1500
98024;5174;1500
98025;5168;1000
98026;3640;1500
98027;3577;1000
98028;5167;1200
98029;3641;3600
98030;5163;3600
98031;5162;1800
98032;5161;1500
98033;5164;1500
98034;5175;3600
98035;5176;3600
98036;5177;1500
98037;5172;1500
98038;4894;1400
98039;9992;1500
98040;10224;3600
98041;10223;1500
98300;5181;1700
98301;10222;1500
PM10013;6640;0
PM10021;6641;0
PM10091;6642;0
PM10092;6643;0
PM10141;6644;0
PM10142;6645;0
PM10211;6646;0
PM10212;6647;0
PM10241;6648;0
PM10242;6649;0
PM10341;6650;0
PM10342;6651;0
PM10343;6652;0
PM10344;6653;0
PM10401;6654;0
PM10402;6655;0
PM10441;6656;0
PM10442;6657;0
PM10444;6659;0
PM10446;6660;0
PM10447;6658;0
PM10448;10264;0
PM10472;10265;0
PM10486;3817;0
PM10501;3818;0
PM10502;3819;0
PM10533;10172;0
PM10561;3820;0
PM10572;6663;0
PM10578;10266;0
PM10593;10173;0
PM10611;3799;0
PM10612;3800;0
PM10661;6664;0
PM10662;6665;0
PM10711;6666;0
PM10712;3488;0
PM10714;10174;0
PM10728;3489;0
PM10765;3611;0
PM10766;6669;0
PM10768;6668;0
PM10831;3815;0
PM10832;3490;0
PM10861;3491;0
PM10862;3492;0
PM10865;3493;0
PM10901;3816;0
PM10902;6670;0
PM10907;6671;0
PM10941;6672;0
PM10942;6673;0
PM10945;6674;0
PM10948;7124;0
PM10981;6676;0
PM10982;6677;0
PM10985;6678;0
PM11071;6679;0
PM11074;6820;0
PM11101;6680;0
PM11102;6681;0
PM11108;6682;0
PM11161;6683;0
PM11168;6684;0
PM11201;6685;0
PM11208;6686;0
PM11301;6687;0
PM11303;6688;0
PM11981;6689;0
PM12061;6690;0
PM12121;6691;0
PM12122;7125;0
PM12211;6692;0
PM12241;6693;0
PM12331;6694;0
PM12342;6813;0
PM12391;6695;0
PM12471;6696;0
PM12502;10180;0
PM12571;6698;0
PM12572;6815;0
PM12622;6817;0
PM12641;6699;0
PM12721;6700;0
PM12781;3801;0
PM12851;6914;0
PM12921;6702;0
PM12961;3510;0
PM12981;6703;0
PM13011;6704;0
PM13012;10269;0
PM13014;6705;0
PM13041;6706;0
PM13044;6707;0
PM13101;6708;0
PM13103;6709;0
PM13104;6710;0
PM13107;10270;0
PM13181;6711;0
PM13202;6818;0
PM13212;7130;0
PM13221;7013;0
PM13222;7014;0
PM20021;6713;0
PM20025;3821;0
PM20026;3822;0
PM20041;3823;0
PM20042;6714;0
PM20151;6715;0
PM20152;6716;0
PM20231;6717;0
PM20232;6718;0
PM20233;6719;0
PM20261;6720;0
PM20262;6721;0
PM20321;6722;0
PM20322;6723;0
PM20322;10297;0
PM20327;6724;0
PM20394;10171;0
PM20411;6725;0
PM20412;6726;0
PM20441;6727;0
PM20442;6728;0
PM20471;6729;0
PM20472;6730;0
PM20473;6731;0
PM20571;6732;0
PM20572;6733;0
PM20661;6734;0
PM20662;6735;0
PM20664;6736;0
PM20667;10194;0
PM20721;6737;0
PM20722;6738;0
PM20742;6739;0
PM20756;6740;0
PM20776;6742;0
PM20777;6741;0
PM20778;10267;0
PM20831;6743;0
PM20832;6744;0
PM20834;6745;0
PM20851;6746;0
PM20852;6747;0
PM20854;7126;0
PM20864;6748;0
PM20873;10177;0
PM20911;6749;0
PM20912;6750;0
PM20913;6751;0
PM20942;10179;0
PM20948;10178;0
PM20971;6753;0
PM20972;6754;0
PM20976;6755;0
PM21081;6756;0
PM21148;6757;0
PM21181;6758;0
PM21185;6759;0
PM21188;6760;0
PM21192;6761;0
PM21231;6763;0
PM21236;6764;0
PM21301;6765;0
PM21307;3531;0
PM21941;3532;0
PM22081;3533;0
PM22082;6948;0
PM22121;6766;0
PM22211;6767;0
PM22241;6768;0
PM22341;3836;0
PM22391;3558;0
PM22392;3559;0
PM22471;6769;0
PM22502;6697;0
PM22571;3597;0
PM22572;6816;0
PM22641;6770;0
PM22721;3598;0
PM22781;3599;0
PM22851;3560;0
PM22901;6771;0
PM22971;3494;0
PM23011;6772;0
PM23071;6773;0
PM23073;6774;0
PM23111;6775;0
PM23181;6776;0
PM23187;6931;0
PM23221;6934;0
PM23222;6935;0
PM30001;3521;0
PM30002;6712;0
PM30461;3837;0
PM30462;3539;0
PM30471;3536;0
PM30472;6819;0
PM30752;3495;0
PM30753;3561;0
PM30754;6667;0
PM30901;3600;0
PM30902;3838;0
PM31263;3839;0
PM31264;6777;0
PM31301;7127;0
PM31451;6778;0
PM31452;6779;0
PM31453;6822;0
PM31801;6780;0
PM31851;6938;0
PM31852;6939;0
PM31881;6942;0
PM31882;6941;0
PM31891;6949;0
PM31892;6950;0
PM32051;6781;0
PM32351;6782;0
PM32352;3496;0
PM33031;6783;0
PM33032;6784;0
PM33151;6785;0
PM33152;6786;0
PM33201;6787;0
PM33202;6788;0
PM33221;6932;0
PM33222;7128;0
PM40001;6639;0
PM40005;3797;0
PM40011;10198;0
PM40012;10200;0
PM40014;10201;0
PM40018;10199;0
PM40442;3538;0
PM40461;6789;0
PM40462;10176;0
PM40462;10175;0
PM40463;6661;0
PM40751;6790;0
PM40752;7131;0
PM40753;3827;0
PM40754;3828;0
PM40755;3826;0
PM40901;6791;0
PM40902;6792;0
PM40951;10204;0
PM40952;10203;0
PM40956;10202;0
PM41192;10268;0
PM41196;6762;0
PM41201;10205;0
PM41202;10207;0
PM41261;3761;0
PM41262;3762;0
PM41301;3763;0
PM41302;3703;0
PM41351;3704;0
PM41451;3705;0
PM41452;6793;0
PM41453;6823;0
PM41454;10211;0
PM41801;6794;0
PM41802;6936;0
PM41851;6937;0
PM41852;6795;0
PM41853;7012;0
PM41861;10208;0
PM41881;6943;0
PM41882;6944;0
PM41891;6952;0
PM41892;6951;0
PM42051;6796;0
PM42052;6797;0
PM423091;10209;0
PM42351;6798;0
PM42352;6799;0
PM42353;6800;0
PM43001;6801;0
PM43011;6802;0
PM43012;6803;0
PM43021;6804;0
PM43022;3706;0
PM43031;6805;0
PM43032;6806;0
PM43041;10210;0
PM43151;6807;0
PM43152;6808;0
PM43201;6809;0
PM43202;6810;0
PM43221;6933;0
PM43222;7129;0
PM43223;7015;0
PM10013;6640;2340
PM10021;6641;5880
PM10091;6642;6960
PM10092;6643;3600
PM10141;6644;4620
PM10142;6645;2880
PM10211;6646;4440
PM10212;6647;4860
PM10241;6648;4680
PM10242;6649;5340
PM10341;6650;5880
PM10342;6651;5100
PM10343;6652;1800
PM10344;6653;1800
PM10401;6654;6120
PM10402;6655;5400
PM10441;6656;5040
PM10442;6657;3780
PM10444;6659;1440
PM10446;6660;1800
PM10447;6658;1620
PM10448;10264;1800
PM10472;10265;6180
PM10486;3817;1500
PM10501;3818;4680
PM10502;3819;7980
PM10533;10172;1980
PM10561;3820;6060
PM10572;6663;4260
PM10578;10266;3600
PM10593;10173;1800
PM10611;3799;6780
PM10612;3800;3300
PM10661;6664;5340
PM10662;6665;4920
PM10711;6666;8460
PM10712;3488;4620
PM10714;10174;1800
PM10728;3489;1800
PM10765;3611;1920
PM10766;6669;1800
PM10768;6668;1800
PM10831;3815;4500
PM10832;3490;6060
PM10861;3491;5880
PM10862;3492;3840
PM10865;3493;3600
PM10901;3816;4500
PM10902;6670;3480
PM10907;6671;3600
PM10941;6672;4740
PM10942;6673;3600
PM10945;6674;2040
PM10948;7124;1800
PM10981;6676;5940
PM10982;6677;1960
PM10985;6678;1800
PM11071;6679;7140
PM11074;6820;1320
PM11101;6680;3900
PM11102;6681;1800
PM11108;6682;3180
PM11161;6683;5040
PM11168;6684;3240
PM11201;6685;7200
PM11208;6686;3420
PM11301;6687;3120
PM11303;6688;2340
PM11981;6689;5940
PM12061;6690;5400
PM12121;6691;5400
PM12122;7125;1800
PM12211;6692;5940
PM12241;6693;5820
PM12331;6694;5400
PM12342;6813;3600
PM12391;6695;5160
PM12471;6696;3240
PM12502;10180;3720
PM12571;6698;5400
PM12572;6815;1920
PM12622;6817;1260
PM12641;6699;5400
PM12721;6700;7200
PM12781;3801;5400
PM12851;6914;2940
PM12921;6702;3540
PM12961;3510;3060
PM12981;6703;2580
PM13011;6704;2400
PM13012;10269;1800
PM13014;6705;1800
PM13041;6706;1860
PM13044;6707;1800
PM13101;6708;1800
PM13103;6709;3060
PM13104;6710;1800
PM13107;10270;1800
PM13181;6711;2460
PM13202;6818;5520
PM13212;7130;2700
PM13221;7013;1800
PM13222;7014;1800
PM20021;6713;5400
PM20025;3821;1800
PM20026;3822;3720
PM20041;3823;5700
PM20042;6714;2700
PM20151;6715;6000
PM20152;6716;1380
PM20231;6717;4260
PM20232;6718;2820
PM20233;6719;2220
PM20261;6720;4380
PM20262;6721;5040
PM20321;6722;4440
PM20322;6723;5040
PM20322;10297;5040
PM20327;6724;1800
PM20394;10171;1260
PM20411;6725;7020
PM20412;6726;4920
PM20441;6727;6600
PM20442;6728;3420
PM20471;6729;5160
PM20472;6730;2340
PM20473;6731;2160
PM20571;6732;5040
PM20572;6733;6180
PM20661;6734;5340
PM20662;6735;4140
PM20664;6736;1860
PM20667;10194;3600
PM20721;6737;6960
PM20722;6738;4860
PM20742;6739;3960
PM20756;6740;1560
PM20776;6742;1800
PM20777;6741;1800
PM20778;10267;1800
PM20831;6743;5400
PM20832;6744;3420
PM20834;6745;1860
PM20851;6746;6000
PM20852;6747;2160
PM20854;7126;1020
PM20864;6748;2100
PM20873;10177;2940
PM20911;6749;4920
PM20912;6750;3300
PM20913;6751;1920
PM20942;10179;3120
PM20948;10178;1800
PM20971;6753;5160
PM20972;6754;3600
PM20976;6755;2340
PM21081;6756;6420
PM21148;6757;1620
PM21181;6758;5040
PM21185;6759;1680
PM21188;6760;1800
PM21192;6761;2520
PM21231;6763;3600
PM21236;6764;1800
PM21301;6765;5400
PM21307;3531;3600
PM21941;3532;5880
PM22081;3533;3480
PM22082;6948;1080
PM22121;6766;4020
PM22211;6767;3360
PM22241;6768;3660
PM22341;3836;5400
PM22391;3558;5400
PM22392;3559;1980
PM22471;6769;7200
PM22502;6697;3780
PM22571;3597;7200
PM22572;6816;3600
PM22641;6770;7200
PM22721;3598;7200
PM22781;3599;5400
PM22851;3560;5400
PM22901;6771;5400
PM22971;3494;5400
PM23011;6772;3540
PM23071;6773;3060
PM23073;6774;5400
PM23111;6775;7200
PM23181;6776;3600
PM23187;6931;5460
PM23221;6934;3600
PM23222;6935;1620
PM30001;3521;5640
PM30002;6712;1800
PM30461;3837;6000
PM30462;3539;1920
PM30471;3536;3600
PM30472;6819;1800
PM30752;3495;5400
PM30753;3561;1800
PM30754;6667;7200
PM30901;3600;5400
PM30902;3838;1800
PM31263;3839;3600
PM31264;6777;1800
PM31301;7127;2280
PM31451;6778;3840
PM31452;6779;7200
PM31453;6822;3600
PM31801;6780;7200
PM31851;6938;7200
PM31852;6939;900
PM31881;6942;3900
PM31882;6941;1800
PM31891;6949;4140
PM31892;6950;1740
PM32051;6781;9000
PM32351;6782;1800
PM32352;3496;3600
PM33031;6783;3180
PM33032;6784;1800
PM33151;6785;2700
PM33152;6786;3600
PM33201;6787;5400
PM33202;6788;1800
PM33221;6932;3600
PM33222;7128;1800
PM40001;6639;4860
PM40005;3797;1500
PM40011;10198;4440
PM40012;10200;3600
PM40014;10201;1560
PM40018;10199;1800
PM40442;3538;3600
PM40461;6789;5940
PM40462;10176;1800
PM40462;10175;1800
PM40463;6661;3600
PM40751;6790;2040
PM40752;7131;1800
PM40753;3827;1800
PM40754;3828;2520
PM40755;3826;1440
PM40901;6791;2700
PM40902;6792;900
PM40951;10204;5400
PM40952;10203;3900
PM40956;10202;1800
PM41192;10268;3060
PM41196;6762;1800
PM41201;10205;3600
PM41202;10207;5040
PM41261;3761;3600
PM41262;3762;3600
PM41301;3763;5400
PM41302;3703;1800
PM41351;3704;7200
PM41451;3705;4020
PM41452;6793;5700
PM41453;6823;4020
PM41454;10211;5400
PM41801;6794;5520
PM41802;6936;2160
PM41851;6937;5580
PM41852;6795;1800
PM41853;7012;3600
PM41861;10208;4800
PM41881;6943;3780
PM41882;6944;1800
PM41891;6952;3900
PM41892;6951;3600
PM42051;6796;2880
PM42052;6797;1740
PM423091;10209;5400
PM42351;6798;7200
PM42352;6799;1800
PM42353;6800;3600
PM43001;6801;3180
PM43011;6802;4620
PM43012;6803;1680
PM43021;6804;5400
PM43022;3706;2280
PM43031;6805;3360
PM43032;6806;1740
PM43041;10210;4500
PM43151;6807;5400
PM43152;6808;1800
PM43201;6809;4020
PM43202;6810;1860
PM43221;6933;3660
PM43222;7129;1800
PM43223;7015;1680
